entity,code,year,unsafe_water_source,unsafe_sanitation,no_access_handwashing,sum,unsafe_water_perct,unsafe_sanitation_perct,no_handwashing_perct
Afghanistan,AFG,2017,5256.649275657913,3783.111116686189,4156.209013292295,281539.4884997006,1.8671090523287297,1.3437230907984021,1.4762437182223958
Albania,ALB,2017,4.091663843299665,1.5979068485093384,4.5013012356546085,33143.859240424434,0.012345164193520356,0.004821124893507953,0.013581101714807324
Algeria,DZA,2017,189.93609663555972,58.910621573181814,191.730461755334,237740.5650323774,0.07989217010975502,0.024779373080550594,0.08064692776734278
American Samoa,ASM,2017,0.7200564599153209,0.17920528941780564,0.2937691232920192,2456.1209586836053,0.029316815907195624,0.007296272961811025,0.011960694454131003
Andorra,AND,2017,0.027021517297012743,0.01848820225168187,0.2063063499377336,2510.5196205956463,0.0010763316516363896,0.000736429307303934,0.008217675267114038
Angola,AGO,2017,14656.918214629799,9615.55665341653,9735.710078186556,183861.75722207432,7.971705718512571,5.229775239123023,5.29512511208486
Antigua and Barbuda,ATG,2017,1.0406824249036406,0.32851653728541985,1.7781305506355287,2607.2759857562446,0.03991454800293376,0.01259999091312664,0.06819878525900583
Argentina,ARG,2017,267.13916696803994,68.63580740627279,541.1825861301313,333136.3800209112,0.08018913063510849,0.020602915659335815,0.16245076148577975
Armenia,ARM,2017,3.045522970160869,4.3792854168186865,12.664884505504114,45787.3870632215,0.006651445224327227,0.009564392505673962,0.02766020364520238
Australia,AUS,2017,26.6951586165474,5.672184964055709,57.88102160954834,151515.07888907156,0.01761881313218447,0.00374364387072555,0.03820149257350462
Austria,AUT,2017,2.4070161979045124,6.282777685384606,8.644877368514928,92259.81772788023,0.0026089539923046367,0.00680987437447104,0.009370143559152633
Azerbaijan,AZE,2017,89.05113818790664,86.75303303377345,67.60196523686129,131177.19854141056,0.06788614117246498,0.06613423216717568,0.05153484446118921
Bahamas,BHS,2017,2.7077968927360043,0.5697134315353704,4.704792551151073,4584.232937240492,0.059067611306112634,0.012427671964643073,0.10262987539161028
Bahrain,BHR,2017,4.737998729295866,1.190416055688564,3.650144168307156,6921.886423404192,0.06844953007717385,0.017197855943771986,0.0527333727402018
Bangladesh,BGD,2017,25397.4982697344,17744.992604291914,16129.921134858183,1116940.38521903,2.2738454626433797,1.5887143879046106,1.4441165659611397
Barbados,BRB,2017,2.528326566211339,0.8103610716261903,9.033550950745463,4850.638998445489,0.05212357726521404,0.016706274614249613,0.18623424570743144
Belarus,BLR,2017,4.639462352594705,3.666460599812511,13.961337388356672,208145.8396244937,0.0022289479150602027,0.0017614863724526048,0.0067074784744886925
Belgium,BEL,2017,21.015794927078854,13.572910393114094,51.11025298296952,105557.45264749521,0.019909342637568415,0.01285831559277986,0.04841936945338205
Belize,BLZ,2017,9.509475005079947,4.009414335657353,8.818269087724044,3964.7855097226134,0.23984841000251875,0.10112563027243969,0.22241478299644493
Benin,BEN,2017,5266.971855090171,4114.532298963558,3904.8674173427416,71760.54044936618,7.339649091420257,5.733697479420111,5.441524538263468
Bermuda,BMU,2017,0.2960400926691645,0.04521685972542056,0.6576261526857025,2545.581247589079,0.011629567626236412,0.001776288215834614,0.025834027230855056
Bhutan,BTN,2017,84.07763476038394,61.96811598197964,25.064533166525926,6357.798979950097,1.3224330468064573,0.9746787556102636,0.3942328665245509
Bolivia,BOL,2017,326.3299581160643,147.8474071196737,330.78400758846004,63987.92085193634,0.5099868127785703,0.23105518221444085,0.5169475788311227
Bosnia and Herzegovina,BIH,2017,3.3436956188950355,1.0292706919725485,3.0657227193083307,61157.25155888671,0.00546737391505483,0.0016829904316113533,0.005012852345655898
Botswana,BWA,2017,414.35420945086764,282.83877617973263,291.58271494881865,18868.39659423124,2.196022366720609,1.4990080093303044,1.5453497253601622
Brazil,BRA,2017,2957.7520139220833,2231.3215414933834,3710.661581738205,1332175.0841347487,0.22202427061928962,0.16749461599055748,0.27854158405524376
Brunei,BRN,2017,0.4179566709538627,0.09276806212780836,1.1286414867612289,4046.7940879324724,0.010328093346785501,0.0022923840480157474,0.027889768103764763
Bulgaria,BGR,2017,8.611547094769104,0.719961000595845,10.225453838370925,177840.25737148328,0.004842293427849012,0.0004048357842240116,0.005749797031057703
Burkina Faso,BFA,2017,10444.27159342479,8121.42077350447,8171.129250082119,156545.69014756533,6.671708166209918,5.187891640995636,5.219644975457154
Burundi,BDI,2017,4585.432146840674,3517.1684869971077,3533.181458239589,78928.03097420049,5.809637070940655,4.456171582624148,4.476459648910403
Cambodia,KHM,2017,1242.053553768809,811.2047488575392,945.582363633972,112169.16213044818,1.1073039418127695,0.7231976538383528,0.8429967253694006
Cameroon,CMR,2017,10469.624478268515,7646.251520914931,7701.192549776833,174529.55631601805,5.998768746831238,4.3810639769632935,4.412543475348324
Canada,CAN,2017,47.82314360783391,61.042862498907844,91.83967058253866,261277.30870602542,0.01830359622298538,0.023363246812829756,0.035150266602704296
Cape Verde,CPV,2017,24.14952430013213,15.545554841420975,42.072320666228826,4948.560212403602,0.4880111237123309,0.3141429865288075,0.8501931644839694
Central African Republic,CAF,2017,5129.302510911883,3944.7603991056535,3249.2233743566167,67798.43841551087,7.565517187101473,5.818364687000186,4.792475240275242
Chad,TCD,2017,21210.828808576367,16517.250814639283,13485.452890880071,184197.94722051342,11.515236260034822,8.96711991847856,7.3211743639769775
Chile,CHL,2017,100.05418722552784,57.354208153370436,86.6902177012858,113362.6563079183,0.08826027060777256,0.05059356407244339,0.07647158290452882
China,CHN,2017,3886.420648294703,2405.4587268266573,5348.404260628214,15129255.076436177,0.025688116359065198,0.015899386418391215,0.03535140516573322
Colombia,COL,2017,520.1231751038613,116.56800723469131,382.4000050098835,223912.25746562437,0.23228883536387554,0.05205968112424,0.1707811842630324
Comoros,COM,2017,219.3140577130877,171.84468467440786,167.78304012101418,6532.586448806668,3.35723161770252,2.63057651086729,2.5684013741856218
Congo,COG,2017,1707.2787170944275,1272.3052819115105,1196.174172569902,40560.862383393905,4.20917755879226,3.1367806480179947,2.9490846650726783
Costa Rica,CRI,2017,37.37146848513589,4.237475774499283,39.8113790164679,24638.433947482023,0.15167956114741274,0.017198640885746477,0.16158242484618837
Cote d'Ivoire,CIV,2017,9363.352589402297,6735.50856826801,7127.215859563281,176770.05298523576,5.296911117735732,3.810322197974662,4.031913629713378
Croatia,HRV,2017,8.835385653064161,1.5390179319803512,3.9926195276969683,74967.62669934145,0.011785601388314693,0.002052910035624578,0.005325791549610361
Cuba,CUB,2017,206.00333256318984,79.42369542244991,249.84118157633912,108817.42430039345,0.18931098019239276,0.07298803103738115,0.22959666908366236
Cyprus,CYP,2017,1.1625732152477115,0.566744212213464,1.6627131949336007,11386.43452711011,0.01021016027870468,0.00497736329018619,0.014602579859172116
Czechia,CZE,2017,52.547090694503524,3.7592418125908305,22.410954661068764,159979.54405917405,0.032846131049771674,0.0023498265573255687,0.014008637662312182
Democratic Republic of Congo,COD,2017,30914.961239650016,22776.330038797416,25418.673605711447,559264.7315426847,5.527786662744439,4.072548965490962,4.545016370976259
Denmark,DNK,2017,8.557294331874674,4.721509010498402,22.169263386384202,54902.084004825985,0.015586465408348568,0.008599872110653165,0.04037963911248885
Djibouti,DJI,2017,203.61094060698898,150.00213379553162,172.39735727126305,8210.021525763035,2.480029315003111,1.8270613947213799,2.0998405026135485
Dominica,DMA,2017,1.2394337061660017,0.4692350729835174,1.978845718186225,2699.8035886187085,0.04590829167688191,0.017380341109317164,0.07329591406309136
Dominican Republic,DOM,2017,332.0688301720301,124.63843937320514,395.47582052045266,78258.84410856888,0.4243211536722282,0.15926434998234018,0.5053432938158492
Ecuador,ECU,2017,208.26529580835134,76.70379342043258,281.9855066743295,84259.1637509299,0.24717227959202584,0.0910331766965656,0.3346644971553227
Egypt,EGY,2017,3142.490312615249,2534.9637466330064,1354.8052650462798,790479.1368566568,0.3975424734309084,0.320686989502759,0.1713903886740981
El Salvador,SLV,2017,204.56241728134984,142.152601076573,165.03186688002026,45968.15748443883,0.4450089550589415,0.309241459426984,0.3590134473757991
Equatorial Guinea,GNQ,2017,160.37796828812859,76.63782591796459,129.24968726718927,7641.254405751605,2.09884345909765,1.0029482313830431,1.691472111828949
Eritrea,ERI,2017,3083.7056939157033,2382.981982502387,2201.441606453724,40781.77614441928,7.561479625103794,5.843252079221867,5.398101344722763
Estonia,EST,2017,0.7475934694062275,0.3349913221999325,2.3491464790347143,23622.873857749273,0.0031647016104307995,0.0014180803073206166,0.009944372108070575
Eswatini,SWZ,2017,439.9033416769754,320.15897745787976,262.2242410514974,13342.675449306795,3.296965015362269,2.3995110926160863,1.965304799983882
Ethiopia,ETH,2017,47812.20061057915,38734.89430107173,33326.92687361701,514261.82150273916,9.297248718729644,7.53213493233532,6.480536854987882
Fiji,FJI,2017,54.97392256493432,24.715088660775088,14.343345717721617,14861.100213399455,0.36991825487703317,0.1663072606057176,0.09651604196026477
Finland,FIN,2017,1.1379682901424577,0.8730445550450628,5.339278799835517,58089.96802896555,0.0019589755834863425,0.0015029179472258178,0.009191395659183662
France,FRA,2017,59.22350103548915,28.992320372499947,156.93180604391853,482784.5595354379,0.012267066099312971,0.006005229413384299,0.0325055561418383
Gabon,GAB,2017,253.1413613806884,176.19668276963523,224.67397101889918,12795.866615792707,1.9783057215387065,1.3769812398026455,1.7558323931073625
Gambia,GMB,2017,504.4311554368998,368.3039852676977,450.2708037072644,16292.277200807497,3.096136588026495,2.2606047069309834,2.763706989253458
Georgia,GEO,2017,8.558750592273629,8.13530777879152,16.30380261294255,88772.3136061499,0.00964123863014955,0.009164239894529379,0.01836586425501596
Germany,DEU,2017,116.63791863554115,88.07582295180619,249.2797062754329,1032165.4888118712,0.011300311810444604,0.008533110620971307,0.02415113748497632
Ghana,GHA,2017,6144.396115254177,4344.982817916605,5685.703735467395,191715.57310311476,3.204954097260214,2.2663692612908624,2.9656973835971705
Greece,GRC,2017,0.8533715014753671,1.3561608981053457,25.735042681457273,139938.4440482861,0.0006098192010630826,0.0009691124603596415,0.018390259271839078
Greenland,GRL,2017,0.07837578308046438,0.15326709384233875,0.12023484827772897,2449.4883725528184,0.003199679735518906,0.006257106404738969,0.004908569872182005
Grenada,GRD,2017,1.2383480872732853,0.5629623509120645,4.424108533241721,3317.1707775682075,0.03733145413095399,0.01697115972198356,0.13336993570421482
Guam,GUM,2017,0.7793743772751123,0.09895440229983553,0.6725660104558866,3797.2798971387465,0.02052454384156331,0.0026059285852064198,0.017711783926243247
Guatemala,GTM,2017,2236.886586040511,1320.8294786010035,1200.0735348019107,90642.8237179598,2.467803290198359,1.4571804191701243,1.3239586826376972
Guinea,GIN,2017,4465.472199998475,3317.605362445353,4101.46525471839,95464.18521977744,4.677641347609131,3.4752356130286657,4.296339245211181
Guinea-Bissau,GNB,2017,1127.9279333245454,841.5056107250039,750.5188034275252,17652.60341527837,6.389584056186982,4.76703402284945,4.251604059591287
Guyana,GUY,2017,36.77226813931648,15.940086413767851,38.30350607338993,9175.062352429599,0.4007849399473456,0.1737327311955198,0.4174740683178789
Haiti,HTI,2017,3099.379182830631,2306.5436651508217,2230.9587353689485,101288.11362331262,3.0599633776941757,2.277210605114818,2.2025869132737683
Honduras,HND,2017,791.7527054848648,515.414838345707,205.51972133966987,48581.52105687277,1.6297404615182514,1.0609277501672458,0.42304093587163477
Hungary,HUN,2017,58.49692871196318,27.640403441591864,11.374052372224902,189555.48557162946,0.030860055848849748,0.014581695358611542,0.006000381544182145
Iceland,ISL,2017,0.1357147982307279,0.09080925476326117,0.6909521710273399,4086.3446772140646,0.003321178435766554,0.00222226126125934,0.01690880788593703
India,IND,2017,569679.1686867394,328719.97209953424,257783.85701545316,11775586.223288864,4.837798797312281,2.7915380675436503,2.189138206178031
Indonesia,IDN,2017,49461.09336118325,21593.452217477363,14940.849205849505,2241078.2113573747,2.2070221873794265,0.9635296130249135,0.6666812934118949
Iran,IRN,2017,442.6572973018866,129.08409368930492,337.7762603300584,467861.38852922595,0.09461291488349334,0.027590242933937137,0.07219579743305927
Iraq,IRQ,2017,420.9160943283883,208.3674960964127,118.45668649421059,160888.74441570014,0.2616193543289991,0.1295103003340235,0.07362645965347661
Ireland,IRL,2017,1.008425766480928,1.5923747233431054,8.92260453470741,33744.41536515906,0.002988422693261779,0.004718928172592447,0.02644172209876232
Israel,ISR,2017,10.417352593414869,10.363165643907204,21.226523435142926,44153.732204841304,0.023593368155348467,0.023470644782256748,0.0480741318461308
Italy,ITA,2017,37.467568721149455,26.273968122193228,109.066623831863,624575.7934930385,0.005998882619450583,0.00420669010805749,0.01746251215114994
Jamaica,JAM,2017,23.533630030954093,13.36471459384347,47.24814763369427,26142.679988186825,0.09001995985716961,0.05112220552706388,0.1807318440765998
Japan,JPN,2017,470.6524031525859,103.85188473916114,1368.371990057916,999428.7895876841,0.04709213983587108,0.010391123992136087,0.1369154065115975
Jordan,JOR,2017,25.4679002736218,6.528737218674345,40.204580084008406,36987.483973699884,0.06885545470389623,0.017651206617126575,0.10869779656436228
Kazakhstan,KAZ,2017,39.48368284831857,38.961556591051576,78.01150806086238,204948.9204091262,0.01926513336566978,0.019010374152386433,0.03806387850452351
Kenya,KEN,2017,17002.710594493317,12869.227751943867,12624.861178694118,281451.69198365876,6.041075992352003,4.572446397903005,4.485622768765278
Kiribati,KIR,2017,26.09366628405442,18.344563184304977,7.358396342149767,3548.380654091829,0.7353682940967567,0.516984082954879,0.2073733643447865
Kuwait,KWT,2017,2.9421121793625997,0.4731544893185135,13.99716888271391,13059.938083138419,0.022527765144316703,0.0036229458846317158,0.10717638011458525
Kyrgyzstan,KGZ,2017,75.65249693910141,84.23096909139798,35.67548080356363,53063.65657981245,0.14256932487363236,0.158735704473564,0.06723147838465399
Laos,LAO,2017,1254.9140474531748,917.7442513088988,642.5306306222401,59297.362407184606,2.116306689724072,1.5476982686125391,1.083573711441151
Latvia,LVA,2017,1.677991056378238,0.9882142057961688,4.498540364205704,43869.81863299391,0.0038249327411539447,0.0022526060890822692,0.010254294420133325
Lebanon,LBN,2017,53.43886993236403,3.930949769050831,33.34340204147561,50468.39259409516,0.10588581721268535,0.007788933958460875,0.06606788987643886
Lesotho,LSO,2017,1024.192991392856,780.9189204286392,793.2633699592346,31602.961847904673,3.2408133019999252,2.4710307982744197,2.5100918508112215
Liberia,LBR,2017,2131.80760880476,1533.1584454615095,1489.6247989887327,32413.53603936633,6.576905420672628,4.729994418379668,4.5956874226236195
Libya,LBY,2017,36.57867250142999,14.66854054337584,46.745163842639855,50400.17492659157,0.07257647925767567,0.029104146096200535,0.09274801905097495
Lithuania,LTU,2017,4.0486820344403265,2.5112112500539903,8.331899167900694,63247.34936302585,0.006401346578497359,0.003970460857798468,0.01317351517780995
Luxembourg,LUX,2017,0.41487913354919903,0.2316289284065865,1.2410837958105476,6361.338900905248,0.006521883836281066,0.003641197741777673,0.019509788979076962
Madagascar,MDG,2017,19564.472490488184,15674.021158916441,13184.458850221616,228155.09031974548,8.575076042822348,6.869897637151226,5.778726581004351
Malawi,MWI,2017,5894.020221736929,4536.228232833755,4521.032699416899,112115.85186072403,5.257080175476683,4.046018611595519,4.032465190589779
Malaysia,MYS,2017,334.2735181010187,40.88962570394553,343.0909116171879,207628.63420836907,0.1609958661894164,0.019693635157716296,0.16524257982300913
Maldives,MDV,2017,2.741948648768225,0.8923917032526113,1.816775572340478,3408.0035828979208,0.08045615510875342,0.0261851750312359,0.05330908633598392
Mali,MLI,2017,12923.220102988489,9918.904782385285,8346.082498220567,148603.07837003144,8.696468636274696,6.674764002994984,5.616359088765491
Malta,MLT,2017,0.09077059621345633,0.08959161329160993,1.1061965836281016,6682.6356037878895,0.0013583053393185951,0.0013406628552487152,0.01655329796826092
Marshall Islands,MHL,2017,1.1669445687485736,0.6168232342653818,0.7816168153148513,2598.382546185163,0.04491042208014494,0.02373873836133082,0.030080898459789476
Mauritania,MRT,2017,1219.752279458157,933.4245628883673,810.7938795369098,22523.434935467285,5.415480733524499,4.144237171473872,3.599778994011992
Mauritius,MUS,2017,4.8653644074085065,2.5056368439712204,3.137715439924362,17979.08168330035,0.027061250919882308,0.01393640057989475,0.017452033953651764
Mexico,MEX,2017,1741.3419684972164,1000.457583506271,1207.6387394473688,798885.5886078562,0.21797138330304486,0.12523164740644224,0.1511654180108329
Micronesia (country),FSM,2017,2.0226825825052326,0.965161225915254,1.1299274183423236,3099.5184912447307,0.06525796146139289,0.031139069782663453,0.03645493393680506
Moldova,MDA,2017,5.818296903803063,5.0686719802174816,28.583437052440768,71505.56785056663,0.008136844554485916,0.007088499724678875,0.03997372220324835
Mongolia,MNG,2017,20.62649376704961,18.009379884753233,41.22880398495242,32249.09929017053,0.06395990654330161,0.05584459808538734,0.12784482324292043
Montenegro,MNE,2017,0.3503405409188725,0.04850909845234792,0.5075568164993743,12813.33468990099,0.002734187074618431,0.0003785829343128065,0.0039611609997154944
Morocco,MAR,2017,694.3798279617997,224.73151961478334,462.46750364700966,344150.3708799774,0.20176640408269816,0.06530038571225558,0.13437948721789855
Mozambique,MOZ,2017,8984.155174020292,6869.588580621664,6701.556132350675,215374.14466618976,4.171417691731248,3.189606900711735,3.111588042630407
Myanmar,MMR,2017,6549.454225315876,4154.676504483074,3764.979263759661,449413.54632571863,1.4573335136117747,0.924466237933984,0.8377538448809776
Namibia,NAM,2017,625.4598250519782,431.252064337619,353.0063385385068,20503.825927721784,3.0504542286731855,2.103276070806636,1.7216608245841167
Nepal,NPL,2017,8932.552896318217,5369.3594350883,3552.7493812104976,216672.09460034812,4.122613441659075,2.4781038116570056,1.6396894061339773
Netherlands,NLD,2017,8.141680715873473,5.3818819053833185,44.18826494041018,142125.2048431382,0.005728526987777674,0.0037867188380296328,0.031091082675434107
New Zealand,NZL,2017,11.358034365772426,2.5380701015943243,11.549199242474073,31728.24166506397,0.03579786893226667,0.007999403586203133,0.0364003759312982
Nicaragua,NIC,2017,126.86264050962015,87.70075972306064,74.70525557245858,29142.651926988503,0.4353160475149994,0.3009360985499144,0.2563433683373041
Niger,NER,2017,18585.64401050598,14623.782972838371,12166.545419902715,171605.73314514518,10.830433033834675,8.521733338867813,7.089824562919572
Nigeria,NGA,2017,116192.25607405072,72650.04621438924,86843.92094682822,1414162.6207295484,8.216329181017995,5.1373190854747675,6.141013747204445
North Korea,PRK,2017,190.86021319025986,185.31397569986663,131.7311574555883,310398.1676834539,0.061488833717891135,0.059702019854979,0.04243941207472868
North Macedonia,MKD,2017,2.4335581695950133,0.9470362513965712,1.11298820693819,32550.473225809477,0.007476260491553866,0.0029094392724393946,0.003419268897312665
Northern Mariana Islands,MNP,2017,0.26494726105054817,0.044064726165723815,0.1701906084346519,2363.0294650066357,0.011212186093066942,0.0018647556798704612,0.007202221172226219
Norway,NOR,2017,7.330399072753176,4.876147869836898,18.86903780251032,37829.33518204942,0.019377551938135985,0.012889858746845497,0.0498793798825837
Oman,OMN,2017,11.564502191111918,1.0377488241354929,14.259009168008394,16615.447717051626,0.06960090626534145,0.00624568679585144,0.08581778481584379
Pakistan,PAK,2017,49851.42195236807,25963.82908305928,20785.23779539917,1673932.074679758,2.9781030369410426,1.5510682587300595,1.2417013873980294
Palestine,PSE,2017,25.7053563309491,5.564716949561544,31.6159852979153,20867.13003945681,0.12318587310446566,0.026667380416182995,0.1515109420324401
Panama,PAN,2017,99.13371145652813,56.658751803431684,60.188645867884425,20987.098054643015,0.4723554976415455,0.2699694433976162,0.2867887961983805
Papua New Guinea,PNG,2017,2659.900376990881,2064.604585783676,1284.449750278109,115283.45536098932,2.307269823464159,1.79089408737684,1.11416659594049
Paraguay,PRY,2017,102.8773213831932,47.01019109527529,101.1224239798595,41253.083857301026,0.24938092322759972,0.11395558028555813,0.2451269445204464
Peru,PER,2017,723.3918078158498,509.0980270576664,965.3601121615574,113426.6545453993,0.6377617419072432,0.4488345610633333,0.8510875296733447
Philippines,PHL,2017,5507.287300746251,1467.3623292808004,4213.79910798872,877332.9744085091,0.6277305722447307,0.16725261355531343,0.48029644740409183
Poland,POL,2017,73.94310043636432,12.866885066235318,67.95419710224336,524011.13537124975,0.014110978840931949,0.002455460236950772,0.01296808264467498
Portugal,PRT,2017,15.564799951723867,17.748550622933568,51.162190763492,113078.44888167642,0.013764603340120661,0.015695785358274046,0.04524486431276338
Puerto Rico,PRI,2017,49.49258413246307,3.2046295981684656,65.98723480941621,35497.01533076141,0.13942745234012174,0.009027884649759161,0.18589516384559868
Qatar,QAT,2017,1.6169760089012766,0.29002859711118895,2.6160738001376123,6103.250548154543,0.02649368555564553,0.004752034916850755,0.04286361471640127
Romania,ROU,2017,43.97288278826429,28.23393562397391,65.39495727326369,390373.71320279693,0.011264304255399652,0.007232540170886593,0.01675188545272037
Russia,RUS,2017,155.52673701606673,122.51717261340073,470.6781972374697,2778385.6804751824,0.005597737495878084,0.004409653183659039,0.016940707711859876
Rwanda,RWA,2017,3162.8515110531907,2450.659915167204,2753.307021941627,60333.15493134511,5.242310823381096,4.0618792734374365,4.563505795569115
Saint Lucia,LCA,2017,2.780600752592178,1.1079842411907248,2.4787837122553844,3442.4676503006876,0.08077347516538906,0.032185756083835566,0.07200601324572711
Saint Vincent and the Grenadines,VCT,2017,2.9474153008679176,1.3892379774744334,3.5938840627122928,3222.3455786812115,0.09146800766397585,0.04311263157699547,0.11153006327096482
Samoa,WSM,2017,3.140222041635734,0.4689783090982305,1.1455257354134647,3623.8949723960254,0.08665322989643656,0.012941277621745042,0.031610345888586085
Sao Tome and Principe,STP,2017,12.988556669669334,8.609335313755446,19.288131800941848,3030.498174581119,0.4285947696195077,0.2840897706511717,0.6364673624529699
Saudi Arabia,SAU,2017,94.44551515130894,15.543322061266807,128.64236686754205,119208.56147822671,0.07922712427710932,0.013038763213417163,0.10791369786895585
Senegal,SEN,2017,5665.487860314362,4236.47261473744,3811.3279330225096,88127.3201606769,6.428753138056213,4.807218246297914,4.324797266129912
Serbia,SRB,2017,21.97991922486675,6.777386898455672,11.40982107892134,201118.17653936718,0.01092885765129457,0.0033698529964192752,0.005673192386312215
Seychelles,SYC,2017,1.6288226908106491,0.48846660706738,2.2144037798801857,2860.323483170207,0.056945401469254864,0.017077320447895408,0.07741794915538282
Sierra Leone,SLE,2017,4037.0309671218156,3046.355363416153,3107.86266031791,68909.4468792303,5.858457947278343,4.420809484590918,4.510067633781338
Singapore,SGP,2017,2.0939310074741524,0.44391516845907936,30.248268314557162,20425.934595775758,0.010251335123276042,0.0021732918333679796,0.148087560805236
Slovakia,SVK,2017,4.9120260322950715,0.7876240521955579,9.202578043052613,78174.70135931668,0.006283395966833032,0.0010075178267395972,0.011771810935042185
Slovenia,SVN,2017,1.1225737884972682,0.29642248736141696,3.3510654524883607,22818.319888171038,0.00491961631705938,0.0012990548331960306,0.014685855351802413
Solomon Islands,SLB,2017,36.753409057725634,29.88898074325014,23.975219460823645,7686.064469750307,0.47818241965539515,0.38887236583667545,0.31193102211387663
Somalia,SOM,2017,8842.08253137998,6791.882706166224,6631.3634832599155,139727.4558084567,6.3280924140642885,4.860807539125865,4.745927308910871
South Africa,ZAF,2017,9673.741970698153,6091.2713645071,7300.399507921118,526430.9377278691,1.837608939256312,1.1570884095067937,1.386772506082261
South Korea,KOR,2017,129.5113819758087,27.76041469375825,192.6187034866052,258805.5367733897,0.050041967258686954,0.010726360432568832,0.07442603658640512
South Sudan,SSD,2017,9584.01980711262,7514.261869567441,6860.264795277735,103776.32900813608,9.235265786248068,7.2408245130528,6.61062581500632
Spain,ESP,2017,39.93892142674363,10.78669387459183,101.8108176249927,389089.4686434734,0.010264714068460194,0.0027722913992503317,0.026166428502921772
Sri Lanka,LKA,2017,505.56212274785537,274.7440245891338,249.46689752124558,157997.99974247432,0.3199800779578768,0.17389082459078425,0.1578924403649788
Sudan,SDN,2017,6668.136819156708,5263.378749026493,4294.670086121505,267005.4942270296,2.497378130161966,1.9712623383514138,1.608457570715691
Suriname,SUR,2017,29.323821299325036,10.220269316359127,20.053974116376427,7279.697202317316,0.4028164975047383,0.1403941542116031,0.2754781354091586
Sweden,SWE,2017,17.311048250274506,13.120707121175,33.73902148241149,92107.60656155445,0.018794374206983367,0.0142449767299149,0.03663000564439169
Switzerland,CHE,2017,5.266639685576074,3.8980390406915464,15.19192828589242,63295.92081754476,0.008320662086199138,0.00615843642108934,0.024001433409404523
Syria,SYR,2017,28.03210760382323,9.244243264725297,65.84599092818692,131273.46694433986,0.02135397826866939,0.007041973888481873,0.05015940575112998
Taiwan,TWN,2017,35.25988458672501,11.350870042671447,150.63410763052298,178987.9253382261,0.019699588405249043,0.006341695967044802,0.08415880978891505
Tajikistan,TJK,2017,1138.600488683329,1026.9722330028264,546.2755516916336,73703.04775944949,1.5448485826521994,1.393391812445311,0.7411844805584658
Tanzania,TZA,2017,12375.256133410852,9290.42422896536,11698.925601634675,302632.0210896643,4.089209095869037,3.0698748253783683,3.8657262901365277
Thailand,THA,2017,3424.406866337261,196.96568940727627,2570.368923818905,466135.94820451475,0.7346369400445425,0.04225498809219893,0.5514204458419433
Timor,TLS,2017,135.4508322803637,107.87278097128684,56.680836416462576,10883.428361653736,1.2445603331906525,0.9911654433391757,0.520799462567969
Togo,TGO,2017,2702.4919288427595,1977.3716990234168,1927.4567657357006,47590.624498473124,5.6786225382049045,4.154960603819893,4.050076640195257
Tonga,TON,2017,1.9784575796978088,0.7582110953326773,1.0512366788816776,2910.7376218264167,0.06797100380543318,0.026048761305284475,0.03611581720725664
Trinidad and Tobago,TTO,2017,18.26589454702342,5.8216981954413125,18.571143101070145,18044.593998427084,0.1012264091318188,0.032262838365600136,0.10291804350205364
Tunisia,TUN,2017,71.84728566324219,27.810189071953666,76.84671487565349,97224.50649756017,0.07389832898256489,0.02860409383785513,0.07904047821274561
Turkey,TUR,2017,329.13415896043625,84.67131140922247,418.3565943998513,505002.3498108837,0.06517477771810218,0.016766518302524867,0.08284250450646814
Turkmenistan,TKM,2017,44.4998318112823,36.00796333005201,43.546414925968,58108.532026395376,0.07658054722681443,0.06196674063921569,0.0749397952544858
Uganda,UGA,2017,9653.608337545225,7570.399946238421,7260.477761230776,169452.59163942785,5.696937558846427,4.467562208990705,4.284666106895602
Ukraine,UKR,2017,54.12760073947953,41.27384002796371,181.31915246155597,1234860.9577772294,0.004383295171701771,0.0033423876403265128,0.014683365873671599
United Arab Emirates,ARE,2017,27.537839958939205,1.6246414265949043,21.09880058725081,34414.958397115864,0.08001706595480587,0.004720742090831807,0.06130706404985511
United Kingdom,GBR,2017,39.97572258950395,6.198678532348487,252.5759248814967,526380.8283739616,0.007594448816267228,0.0011776034000890135,0.047983496219215806
United States,USA,2017,296.74488196257005,576.8510033907726,795.2871684822705,2902411.1495721447,0.010224081519474397,0.019874889313177022,0.02740091349909219
United States Virgin Islands,VIR,2017,0.8002577155844595,0.12030446300434727,1.4057971393316506,3435.778252020557,0.023291890712499666,0.0035015200103090784,0.040916410670709356
Uruguay,URY,2017,49.4615998141836,6.823865873503911,28.783339541665907,34516.35165915424,0.14329903780855024,0.01976995118397492,0.08339044585563012
Uzbekistan,UZB,2017,105.05392593122808,120.09609944694269,296.50546393056203,360760.96159785887,0.02912009255822196,0.033289660531732955,0.08218889943559841
Vanuatu,VUT,2017,28.056882201500216,20.948588816871787,16.391068492884656,5146.170691184504,0.5451992148173832,0.4070713949064525,0.31851000436038573
Venezuela,VEN,2017,668.4729966055727,208.34257001629064,317.32298604435965,205513.4050975509,0.3252697780411303,0.10137663278821,0.15440500627865913
Vietnam,VNM,2017,1576.6200665045171,813.5663319592354,1730.7721820129273,735427.5673799331,0.21438142060970786,0.11062494364437316,0.23534230409380125
World,OWID_WRL,2017,1232368.2839747255,774240.9861497497,707247.7128544673,66878484.03254912,1.8426976953827834,1.1576832180779306,1.0575115795242258
Yemen,YEM,2017,6435.590071629826,4011.286679914654,3029.543803304388,210708.82954247002,3.0542574250941303,1.9037107693230995,1.4377868311843855
Zambia,ZMB,2017,6288.6676257653735,4718.900369540221,4553.893978437706,105545.23319490135,5.958267782830731,4.470974412294141,4.31463727976082
Zimbabwe,ZWE,2017,3796.070614659417,2612.122559741955,3579.3520779618325,122918.9583431491,3.088271057473529,2.1250770385230338,2.911960958837175
